1;Henry Simpson;hsimpson0@washington.edu;M
2;Juan Owens;jowens1@rediff.com;M
3;Mark Ray;mray2@over-blog.com;M
4;Virginia Gilbert;vgilbert3@blogs.com;F
5;Ruth Ryan;rryan4@wikispaces.com;F
6;Aaron Harvey;aharvey5@opera.com;M
7;Sarah Rogers;srogers6@oaic.gov.au;F
8;Gary Lynch;glynch7@bloomberg.com;M
9;Johnny Perkins;jperkins8@seesaa.net;M
10;Lillian Day;lday9@theguardian.com;F
11;Willie Wagner;wwagnera@dagondesign.com;M
12;Julia Snyder;jsnyderb@miibeian.gov.cn;F
13;Kimberly Bailey;kbaileyc@infoseek.co.jp;F
14;Judith Hicks;jhicksd@kickstarter.com;F
15;Rebecca Davis;rdavise@tinyurl.com;F
16;Jonathan Reynolds;jreynoldsf@mapquest.com;M
17;Jack Rogers;jrogersg@webmd.com;M
18;Brandon Long;blongh@vistaprint.com;M
19;Terry Castillo;tcastilloi@ning.com;M
20;Theresa Meyer;tmeyerj@google.co.uk;F
21;Mildred Fields;mfieldsk@scientificamerican.com;F
22;Willie Young;wyoungl@indiegogo.com;M
23;Daniel Wagner;dwagnerm@chronoengine.com;M
24;Eugene Ruiz;eruizn@hubpages.com;M
25;Raymond Wheeler;rwheelero@prnewswire.com;M
26;Donald Woods;dwoodsp@disqus.com;M
27;Helen Cruz;hcruzq@rakuten.co.jp;F
28;Helen Diaz;hdiazr@51.la;F
29;Andrew Spencer;aspencers@clickbank.net;M
30;Doris Pierce;dpiercet@sakura.ne.jp;F
31;Donna Lane;dlaneu@flickr.com;F
32;Mildred Fisher;mfisherv@youtu.be;F
33;Charles Allen;callenw@elpais.com;M
34;Steven Hicks;shicksx@moonfruit.com;M
35;Lois Hernandez;lhernandezy@dagondesign.com;F
36;Ronald Sanders;rsandersz@ed.gov;M
37;Terry Medina;tmedina10@clickbank.net;M
38;Irene Lawrence;ilawrence11@slashdot.org;F
39;Adam Hall;ahall12@wired.com;M
40;Carl Perry;cperry13@shop-pro.jp;M
41;Albert Powell;apowell14@theglobeandmail.com;M
42;Anne Hughes;ahughes15@yellowbook.com;F
43;Linda Phillips;lphillips16@prlog.org;F
44;Barbara Hawkins;bhawkins17@tripadvisor.com;F
45;Douglas Romero;dromero18@altervista.org;M
46;Lillian Burke;lburke19@umich.edu;F
47;Brian Burke;bburke1a@vkontakte.ru;M
48;Mildred Brown;mbrown1b@nifty.com;F
49;Joshua Stewart;jstewart1c@twitter.com;M
50;Chris Bradley;cbradley1d@archive.org;M
51;Randy Warren;rwarren1e@ebay.com;M
52;Jane Wilson;jwilson1f@house.gov;F
53;Tammy Bell;tbell1g@dyndns.org;F
54;Emily Freeman;efreeman1h@statcounter.com;F
55;Roger Hamilton;rhamilton1i@mlb.com;M
56;Willie Powell;wpowell1j@mashable.com;M
57;Robin Medina;rmedina1k@mysql.com;F
58;Dennis Hill;dhill1l@last.fm;M
59;Kenneth Coleman;kcoleman1m@nyu.edu;M
60;Katherine Harris;kharris1n@ameblo.jp;F
61;Antonio Lawson;alawson1o@vistaprint.com;M
62;Jean Harris;jharris1p@goo.gl;F
63;Walter Oliver;woliver1q@globo.com;M
64;Harold Knight;hknight1r@yolasite.com;M
65;Roger Richards;rrichards1s@mac.com;M
66;Shirley Moreno;smoreno1t@opera.com;F
67;Henry Hudson;hhudson1u@amazon.com;M
68;Nancy Rice;nrice1v@pinterest.com;F
69;Jonathan Nichols;jnichols1w@surveymonkey.com;M
70;Helen Cook;hcook1x@hatena.ne.jp;F
71;Terry Powell;tpowell1y@desdev.cn;M
72;Ryan King;rking1z@springer.com;M
73;Kelly Hunter;khunter20@unicef.org;F
74;Joseph Jenkins;jjenkins21@wiley.com;M
75;Wayne Snyder;wsnyder22@dion.ne.jp;M
76;Justin Sims;jsims23@surveymonkey.com;M
77;Michelle Henderson;mhenderson24@bandcamp.com;F
78;Randy Alvarez;ralvarez25@reverbnation.com;M
79;Janice Murphy;jmurphy26@youtube.com;F
80;Gary Marshall;gmarshall27@surveymonkey.com;M
81;Roy Cole;rcole28@elegantthemes.com;M
82;Linda Welch;lwelch29@webeden.co.uk;F
83;Amanda Hernandez;ahernandez2a@1und1.de;F
84;Heather Hunter;hhunter2b@qq.com;F
85;Diana Taylor;dtaylor2c@nymag.com;F
86;Lois Bradley;lbradley2d@netvibes.com;F
87;Bobby Wilson;bwilson2e@joomla.org;M
88;Larry Myers;lmyers2f@abc.net.au;M
89;Karen Ellis;kellis2g@homestead.com;F
90;Alice Hansen;ahansen2h@mozilla.com;F
91;David Ferguson;dferguson2i@biblegateway.com;M
92;Marie Murray;mmurray2j@google.es;F
93;Sharon Mcdonald;smcdonald2k@blogtalkradio.com;F
94;Eric Roberts;eroberts2l@devhub.com;M
95;Joyce Franklin;jfranklin2m@engadget.com;F
96;Beverly Ortiz;bortiz2n@merriam-webster.com;F
97;Ryan Little;rlittle2o@shutterfly.com;M
98;Stephanie Stone;sstone2p@amazon.co.jp;F
99;Christine Clark;cclark2q@a8.net;F
100;Carolyn Tucker;ctucker2r@china.com.cn;F
